SET NAMES utf8mb4;
USE recruitment_system;

-- 新增的企业账号默认密码均为 123456
-- BCrypt: $2a$10$SJelv4L6pIWsUdlzGKwj..6X.ZEwMcgZxUchcwMnKBcWfUAxXNx4m

START TRANSACTION;

INSERT IGNORE INTO sys_user (username, password, email, phone, display_name, status, created_at, updated_at) VALUES
('jobs@heyuelife.com', '$2a$10$SJelv4L6pIWsUdlzGKwj..6X.ZEwMcgZxUchcwMnKBcWfUAxXNx4m', 'jobs@heyuelife.com', '13800000021', '和悦餐饮招聘经理', 'ACTIVE', '2026-04-01 09:00:00', '2026-04-01 09:00:00'),
('hr@chenchuanlogistics.com', '$2a$10$SJelv4L6pIWsUdlzGKwj..6X.ZEwMcgZxUchcwMnKBcWfUAxXNx4m', 'hr@chenchuanlogistics.com', '13800000022', '晨川物流招聘经理', 'ACTIVE', '2026-04-01 09:05:00', '2026-04-01 09:05:00'),
('talent@qinghefresh.com', '$2a$10$SJelv4L6pIWsUdlzGKwj..6X.ZEwMcgZxUchcwMnKBcWfUAxXNx4m', 'talent@qinghefresh.com', '13800000023', '青禾生鲜招聘经理', 'ACTIVE', '2026-04-01 09:10:00', '2026-04-01 09:10:00'),
('join@lanxitravel.com', '$2a$10$SJelv4L6pIWsUdlzGKwj..6X.ZEwMcgZxUchcwMnKBcWfUAxXNx4m', 'join@lanxitravel.com', '13800000024', '岚汐文旅招聘经理', 'ACTIVE', '2026-04-01 09:15:00', '2026-04-01 09:15:00'),
('career@anyihealth.com', '$2a$10$SJelv4L6pIWsUdlzGKwj..6X.ZEwMcgZxUchcwMnKBcWfUAxXNx4m', 'career@anyihealth.com', '13800000025', '安颐养老招聘经理', 'ACTIVE', '2026-04-01 09:20:00', '2026-04-01 09:20:00'),
('jobs@yaochenhome.com', '$2a$10$SJelv4L6pIWsUdlzGKwj..6X.ZEwMcgZxUchcwMnKBcWfUAxXNx4m', 'jobs@yaochenhome.com', '13800000026', '耀辰家居招聘经理', 'ACTIVE', '2026-04-01 09:25:00', '2026-04-01 09:25:00'),
('hr@jiasuifood.com', '$2a$10$SJelv4L6pIWsUdlzGKwj..6X.ZEwMcgZxUchcwMnKBcWfUAxXNx4m', 'hr@jiasuifood.com', '13800000027', '嘉穗食品招聘经理', 'ACTIVE', '2026-04-01 09:30:00', '2026-04-01 09:30:00'),
('talent@henglangsports.com', '$2a$10$SJelv4L6pIWsUdlzGKwj..6X.ZEwMcgZxUchcwMnKBcWfUAxXNx4m', 'talent@henglangsports.com', '13800000028', '恒朗体育招聘经理', 'ACTIVE', '2026-04-01 09:35:00', '2026-04-01 09:35:00'),
('join@ruiyaedu.com', '$2a$10$SJelv4L6pIWsUdlzGKwj..6X.ZEwMcgZxUchcwMnKBcWfUAxXNx4m', 'join@ruiyaedu.com', '13800000029', '睿芽教育招聘经理', 'ACTIVE', '2026-04-01 09:40:00', '2026-04-01 09:40:00'),
('hr@lanshiproperty.com', '$2a$10$SJelv4L6pIWsUdlzGKwj..6X.ZEwMcgZxUchcwMnKBcWfUAxXNx4m', 'hr@lanshiproperty.com', '13800000030', '澜石物业招聘经理', 'ACTIVE', '2026-04-01 09:45:00', '2026-04-01 09:45:00');

INSERT IGNORE INTO sys_user_role (user_id, role_id)
SELECT u.id, r.id
FROM sys_user u
JOIN sys_role r ON r.code = 'COMPANY'
WHERE u.email IN (
    'jobs@heyuelife.com',
    'hr@chenchuanlogistics.com',
    'talent@qinghefresh.com',
    'join@lanxitravel.com',
    'career@anyihealth.com',
    'jobs@yaochenhome.com',
    'hr@jiasuifood.com',
    'talent@henglangsports.com',
    'join@ruiyaedu.com',
    'hr@lanshiproperty.com'
);

INSERT IGNORE INTO company_profile (user_id, company_name, unified_social_credit_code, contact_person, phone, email, address, description, audit_status, created_at, updated_at) VALUES
((SELECT id FROM sys_user WHERE email = 'jobs@heyuelife.com'), '和悦餐饮管理有限公司', '91310112MA1R210021', '韩知夏', '13800000021', 'jobs@heyuelife.com', '上海市闵行区申长路869号', '和悦餐饮管理有限公司深耕中式简餐与社区餐饮连锁运营，围绕门店营运、供应链管理、品牌活动和会员服务建立标准化经营体系。', 'APPROVED', '2026-04-01 09:00:00', '2026-04-01 09:00:00'),
((SELECT id FROM sys_user WHERE email = 'hr@chenchuanlogistics.com'), '晨川物流供应链有限公司', '91320113MA2N330022', '方启明', '13800000022', 'hr@chenchuanlogistics.com', '南京市江宁区秣周东路12号', '晨川物流供应链有限公司专注城配运输、仓配一体和冷链履约服务，为商超、餐饮和快消客户提供高时效物流解决方案。', 'APPROVED', '2026-04-01 09:05:00', '2026-04-01 09:05:00'),
((SELECT id FROM sys_user WHERE email = 'talent@qinghefresh.com'), '青禾生鲜零售有限公司', '91330110MA2M440023', '苏明岚', '13800000023', 'talent@qinghefresh.com', '杭州市拱墅区上塘路288号', '青禾生鲜零售有限公司围绕社区生鲜门店、即时零售和会员服务开展经营，强调供应稳定、商品周转与门店标准化运营。', 'APPROVED', '2026-04-01 09:10:00', '2026-04-01 09:10:00'),
((SELECT id FROM sys_user WHERE email = 'join@lanxitravel.com'), '岚汐文旅运营有限公司', '91350203MA8P550024', '许听澜', '13800000024', 'join@lanxitravel.com', '厦门市思明区环岛东路188号', '岚汐文旅运营有限公司聚焦景区运营、节庆活动和文旅品牌合作，服务海滨景区、休闲街区与城市文旅消费场景。', 'APPROVED', '2026-04-01 09:15:00', '2026-04-01 09:15:00'),
((SELECT id FROM sys_user WHERE email = 'career@anyihealth.com'), '安颐养老服务有限公司', '91510108MA6D660025', '陆清禾', '13800000025', 'career@anyihealth.com', '成都市高新区益州大道399号', '安颐养老服务有限公司为社区养老中心、照护站和康复服务站提供运营支持，围绕护理、康复和长者服务打造综合养老服务体系。', 'APPROVED', '2026-04-01 09:20:00', '2026-04-01 09:20:00'),
((SELECT id FROM sys_user WHERE email = 'jobs@yaochenhome.com'), '耀辰家居制造有限公司', '91440605MA4L770026', '顾承宇', '13800000026', 'jobs@yaochenhome.com', '佛山市南海区狮山镇博爱东路66号', '耀辰家居制造有限公司专注成品家居和定制家居生产，覆盖生产计划、质量管理、渠道销售和交付服务等制造经营环节。', 'APPROVED', '2026-04-01 09:25:00', '2026-04-01 09:25:00'),
((SELECT id FROM sys_user WHERE email = 'hr@jiasuifood.com'), '嘉穗食品供应有限公司', '91420112MA4K880027', '梁知远', '13800000027', 'hr@jiasuifood.com', '武汉市东西湖区金银湖路128号', '嘉穗食品供应有限公司服务商超、餐饮与便利渠道，主营预制食品与常温食品供应，注重品控、供应稳定和渠道覆盖效率。', 'APPROVED', '2026-04-01 09:30:00', '2026-04-01 09:30:00'),
((SELECT id FROM sys_user WHERE email = 'talent@henglangsports.com'), '恒朗体育发展有限公司', '91320594MA27Q990028', '程一凡', '13800000028', 'talent@henglangsports.com', '苏州市工业园区星港街198号', '恒朗体育发展有限公司经营综合体育场馆、青少体培课程与会员活动，围绕场馆服务、课程咨询和赛事社群构建运营体系。', 'APPROVED', '2026-04-01 09:35:00', '2026-04-01 09:35:00'),
((SELECT id FROM sys_user WHERE email = 'join@ruiyaedu.com'), '睿芽教育服务有限公司', '91510107MA6FA10029', '温书宁', '13800000029', 'join@ruiyaedu.com', '成都市武侯区人民南路四段27号', '睿芽教育服务有限公司聚焦素养课程、校区运营和家校服务，围绕教务管理、招生咨询和学习服务打造稳定教学支持体系。', 'APPROVED', '2026-04-01 09:40:00', '2026-04-01 09:40:00'),
((SELECT id FROM sys_user WHERE email = 'hr@lanshiproperty.com'), '澜石物业服务有限公司', '91370203MA3C220030', '宋景川', '13800000030', 'hr@lanshiproperty.com', '青岛市市南区香港中路32号', '澜石物业服务有限公司服务商业综合体与写字楼项目，重点覆盖项目运营、客户服务、设备维保和现场品质管理。', 'APPROVED', '2026-04-01 09:45:00', '2026-04-01 09:45:00');

INSERT IGNORE INTO job_post (company_user_id, job_code, title, category, location, salary_min, salary_max, experience_requirement, education_requirement, headcount, description, benefit_tags_json, skill_tags_json, status, published_at, expire_at, created_at, updated_at) VALUES
((SELECT id FROM sys_user WHERE email = 'jobs@heyuelife.com'), 'DEMO20260408031', '门店运营经理', '连锁运营', '上海', 15000, 22000, '3年', '大专', 2, '负责连锁餐饮门店经营目标、服务标准和营运流程优化，持续推进巡店、营业分析、人员排班和服务质量提升，联动区域督导、供应链、培训和店长完成问题闭环与数据复盘。要求具备连锁运营经验，熟悉门店运营，具备餐饮连锁管理经验者优先。', '["五险一金","绩效奖金","员工餐","带薪年假","节日福利","晋升通道"]', '["门店运营","餐饮连锁管理"]', 'PUBLISHED', '2026-04-01 11:00:00', '2026-06-30 23:59:00', '2026-04-01 11:00:00', '2026-04-01 11:00:00'),
((SELECT id FROM sys_user WHERE email = 'jobs@heyuelife.com'), 'DEMO20260408032', '供应链采购专员', '采购管理', '上海', 9000, 14000, '2年', '大专', 2, '负责餐饮原料采购、供应商管理和成本控制，围绕询比价、订单跟进、库存协同和到货验收提升采购效率，协同门店、仓配、财务和供应商推进异常处理。要求具备采购执行经验，熟悉采购谈判，具备供应商开发经验者优先。', '["五险一金","员工餐","节日福利","带薪年假","绩效奖金","专业培训"]', '["采购谈判","供应商开发"]', 'PUBLISHED', '2026-04-02 12:00:00', '2026-06-30 23:59:00', '2026-04-02 12:00:00', '2026-04-02 12:00:00'),
((SELECT id FROM sys_user WHERE email = 'jobs@heyuelife.com'), 'DEMO20260408033', '品牌活动策划', '市场策划', '上海', 10000, 16000, '2年', '本科', 1, '负责餐饮品牌节庆活动、门店引流和会员拉新策划，推进活动创意、资源统筹、现场执行和效果复盘，协同品牌、门店、设计和渠道团队落实传播节奏。要求具备活动策划经验，熟悉餐饮营销或线下活动运营者优先。', '["五险一金","节日福利","带薪年假","下午茶","绩效奖金","团建基金"]', '["活动策划","餐饮营销"]', 'PUBLISHED', '2026-04-03 09:00:00', '2026-06-30 23:59:00', '2026-04-03 09:00:00', '2026-04-03 09:00:00'),
((SELECT id FROM sys_user WHERE email = 'hr@chenchuanlogistics.com'), 'DEMO20260408034', '仓储主管', '仓储管理', '南京', 12000, 18000, '3年', '大专', 2, '负责仓配中心库位管理、作业效率和库存准确率提升，统筹收发存管理、班组安排、盘点优化和异常处理，协同运输、客服、采购和一线班组保障履约节奏。要求具备仓储管理经验，熟悉现场组织和WMS运营者优先。', '["五险一金","夜班补贴","餐补","带薪年假","节日福利","年度体检"]', '["仓储管理","WMS运营"]', 'PUBLISHED', '2026-04-04 10:00:00', '2026-06-30 23:59:00', '2026-04-04 10:00:00', '2026-04-04 10:00:00'),
((SELECT id FROM sys_user WHERE email = 'hr@chenchuanlogistics.com'), 'DEMO20260408035', '运输调度专员', '物流调度', '南京', 9000, 13000, '2年', '大专', 3, '负责城配线路调度、车辆效率和异常时效闭环，围绕线路安排、司机沟通、异常协调和时效跟踪提升履约稳定性，协同仓库、司机、客服和客户现场推进问题处理。要求具备运输调度经验，熟悉线路优化者优先。', '["五险一金","餐补","高温补贴","带薪年假","节日福利","班车"]', '["运输调度","线路优化"]', 'PUBLISHED', '2026-04-05 11:00:00', '2026-06-30 23:59:00', '2026-04-05 11:00:00', '2026-04-05 11:00:00'),
((SELECT id FROM sys_user WHERE email = 'hr@chenchuanlogistics.com'), 'DEMO20260408036', '客户服务主管', '客户服务', '南京', 10000, 15000, '3年', '本科', 1, '负责物流客户服务响应、投诉处理和履约体验提升，推动服务流程优化、客诉闭环、数据分析和团队带教，协同销售、调度、仓储和客户采购部门提升服务满意度。要求具备客户服务管理经验，熟悉客诉处理者优先。', '["五险一金","餐补","带薪年假","节日福利","年度体检","晋升通道"]', '["客户服务管理","客诉处理"]', 'PUBLISHED', '2026-04-06 12:00:00', '2026-06-30 23:59:00', '2026-04-06 12:00:00', '2026-04-06 12:00:00'),
((SELECT id FROM sys_user WHERE email = 'talent@qinghefresh.com'), 'DEMO20260408037', '生鲜品类采购专员', '采购管理', '杭州', 10000, 16000, '2年', '大专', 2, '负责蔬果肉禽品类采购、价格监控和供应稳定性管理，围绕行情跟踪、供应商比价、采购下单和损耗控制保障商品供应，协同门店、仓储、供应商和品控团队处理异常。要求具备品类采购经验，熟悉生鲜供应链者优先。', '["五险一金","商品内购","节日福利","带薪年假","绩效奖金","早班补贴"]', '["品类采购","生鲜供应链"]', 'PUBLISHED', '2026-04-01 09:00:00', '2026-06-30 23:59:00', '2026-04-01 09:00:00', '2026-04-01 09:00:00'),
((SELECT id FROM sys_user WHERE email = 'talent@qinghefresh.com'), 'DEMO20260408038', '门店陈列督导', '门店运营', '杭州', 9000, 14000, '2年', '大专', 2, '负责生鲜门店陈列标准、促销执行和损耗改善，推进巡店检查、陈列优化、活动落地和人员辅导，协同店长、采购、营运和市场团队沉淀执行标准。要求具备门店督导经验，熟悉陈列管理和零售现场执行者优先。', '["五险一金","商品内购","带薪年假","节日福利","绩效奖金","团建活动"]', '["陈列管理","门店督导"]', 'PUBLISHED', '2026-04-02 10:00:00', '2026-06-30 23:59:00', '2026-04-02 10:00:00', '2026-04-02 10:00:00'),
((SELECT id FROM sys_user WHERE email = 'talent@qinghefresh.com'), 'DEMO20260408039', '会员增长专员', '用户运营', '杭州', 11000, 17000, '2年', '本科', 1, '负责会员拉新促活、社区团购转化和复购提升，推进会员活动执行、社群维护、权益运营和数据复盘，协同门店、市场、客服和商品团队设计用户增长方案。要求具备会员运营经验，熟悉社群增长者优先。', '["五险一金","商品内购","带薪年假","节日福利","绩效奖金","下午茶"]', '["会员运营","社群增长"]', 'PUBLISHED', '2026-04-03 11:00:00', '2026-06-30 23:59:00', '2026-04-03 11:00:00', '2026-04-03 11:00:00'),
((SELECT id FROM sys_user WHERE email = 'join@lanxitravel.com'), 'DEMO20260408040', '景区运营经理', '景区运营', '厦门', 14000, 21000, '3年', '本科', 1, '负责景区接待、二次消费和现场运营体验提升，围绕现场管理、活动统筹、服务标准建设和经营复盘推动运营目标达成，协同票务、商户、市场和游客服务团队完成闭环。要求具备景区运营经验，熟悉文旅项目管理者优先。', '["五险一金","节日福利","带薪年假","交通补贴","绩效奖金","员工旅游"]', '["景区运营","文旅项目管理"]', 'PUBLISHED', '2026-04-04 12:00:00', '2026-06-30 23:59:00', '2026-04-04 12:00:00', '2026-04-04 12:00:00'),
((SELECT id FROM sys_user WHERE email = 'join@lanxitravel.com'), 'DEMO20260408041', '活动策划执行', '活动策划', '厦门', 10000, 15000, '2年', '本科', 2, '负责文旅节庆活动、主题市集和品牌传播执行，推进方案落地、供应商统筹、现场执行和传播复盘，协同设计、商户、市场和运营团队完成排期与资源统筹。要求具备活动执行经验，熟悉品牌传播或大型活动现场者优先。', '["五险一金","节日福利","带薪年假","交通补贴","绩效奖金","员工旅游"]', '["活动执行","品牌传播"]', 'PUBLISHED', '2026-04-05 09:00:00', '2026-06-30 23:59:00', '2026-04-05 09:00:00', '2026-04-05 09:00:00'),
((SELECT id FROM sys_user WHERE email = 'join@lanxitravel.com'), 'DEMO20260408042', '票务招商主管', '商务拓展', '厦门', 12000, 18000, '3年', '大专', 1, '负责票务渠道拓展、团购合作和旅行社资源维护，围绕渠道洽谈、合作签约、政策执行和回款跟进提升票务分销效率，协同财务、运营、市场和渠道伙伴推进项目落地。要求具备渠道拓展经验，熟悉票务运营者优先。', '["五险一金","节日福利","带薪年假","绩效奖金","通讯补贴","员工旅游"]', '["渠道拓展","票务运营"]', 'PUBLISHED', '2026-04-06 10:00:00', '2026-06-30 23:59:00', '2026-04-06 10:00:00', '2026-04-06 10:00:00'),
((SELECT id FROM sys_user WHERE email = 'career@anyihealth.com'), 'DEMO20260408043', '护理站主管', '护理管理', '成都', 13000, 19000, '3年', '大专', 1, '负责社区养老护理站服务质量、排班管理和家属沟通，围绕护理流程监督、团队管理、服务评估和风险控制提升照护稳定性，协同医生、康复师、社工和家属处理重点服务事项。要求具备护理管理经验，熟悉养老服务者优先。', '["五险一金","补充医疗","带薪年假","节日福利","工作餐","年度体检"]', '["护理管理","养老服务"]', 'PUBLISHED', '2026-04-01 11:00:00', '2026-06-30 23:59:00', '2026-04-01 11:00:00', '2026-04-01 11:00:00'),
((SELECT id FROM sys_user WHERE email = 'career@anyihealth.com'), 'DEMO20260408044', '康复治疗师', '康复治疗', '成都', 10000, 15000, '2年', '大专', 2, '负责长者康复训练、功能评估和个性化干预服务，推进康复评估、训练计划执行、记录反馈和家属指导，协同护理、医生和社工团队保障康复计划落地。要求具备康复治疗经验，熟悉老年康复者优先。', '["五险一金","补充医疗","带薪年假","节日福利","工作餐","专业培训"]', '["康复评估","老年康复"]', 'PUBLISHED', '2026-04-02 12:00:00', '2026-06-30 23:59:00', '2026-04-02 12:00:00', '2026-04-02 12:00:00'),
((SELECT id FROM sys_user WHERE email = 'career@anyihealth.com'), 'DEMO20260408045', '社工运营专员', '社工服务', '成都', 8500, 12500, '1年', '本科', 2, '负责养老社区活动组织、长者陪伴和志愿者运营管理，推进活动策划、资源联动、档案整理和服务跟进，协同护理站、社区、志愿者和家属提升服务体验。要求具备社区活动组织经验，熟悉长者服务者优先。', '["五险一金","补充医疗","带薪年假","节日福利","工作餐","团建活动"]', '["社区活动组织","长者服务"]', 'PUBLISHED', '2026-04-03 09:00:00', '2026-06-30 23:59:00', '2026-04-03 09:00:00', '2026-04-03 09:00:00');

INSERT IGNORE INTO job_post (company_user_id, job_code, title, category, location, salary_min, salary_max, experience_requirement, education_requirement, headcount, description, benefit_tags_json, skill_tags_json, status, published_at, expire_at, created_at, updated_at) VALUES
((SELECT id FROM sys_user WHERE email = 'jobs@yaochenhome.com'), 'DEMO20260408046', '生产计划专员', '生产管理', '佛山', 10000, 15000, '2年', '大专', 2, '负责家居制造排产计划、产能平衡和交付节奏管理，围绕排产编制、物料跟进、异常协调和交付复盘保障生产稳定运行，协同采购、仓储、车间和销售团队处理计划波动。要求具备生产计划经验，熟悉PMC管理者优先。', '["五险一金","包住","餐补","带薪年假","节日福利","年终奖金"]', '["生产计划","PMC管理"]', 'PUBLISHED', '2026-04-04 10:00:00', '2026-06-30 23:59:00', '2026-04-04 10:00:00', '2026-04-04 10:00:00'),
((SELECT id FROM sys_user WHERE email = 'jobs@yaochenhome.com'), 'DEMO20260408047', '质检主管', '质量管理', '佛山', 12000, 18000, '3年', '大专', 1, '负责板式家居成品质检标准、过程稽核和质量改善，推进质量抽检、问题分析、标准执行和整改闭环，协同车间、工艺、采购和售后团队提升出厂质量稳定性。要求具备质量管理经验，熟悉家具质检者优先。', '["五险一金","包住","餐补","带薪年假","节日福利","年终奖金"]', '["质量管理","家具质检"]', 'PUBLISHED', '2026-04-05 11:00:00', '2026-06-30 23:59:00', '2026-04-05 11:00:00', '2026-04-05 11:00:00'),
((SELECT id FROM sys_user WHERE email = 'jobs@yaochenhome.com'), 'DEMO20260408048', '渠道销售经理', '销售管理', '佛山', 14000, 22000, '3年', '本科', 2, '负责经销商渠道拓展、年度销售目标和门店赋能管理，围绕客户拜访、政策执行、回款跟进和渠道培训提升销售达成，协同工厂、设计、售后和经销商推进渠道运营节奏。要求具备渠道销售经验，熟悉家居建材销售者优先。', '["五险一金","通讯补贴","交通补贴","带薪年假","节日福利","年终奖金"]', '["渠道销售","家居建材销售"]', 'PUBLISHED', '2026-04-06 12:00:00', '2026-06-30 23:59:00', '2026-04-06 12:00:00', '2026-04-06 12:00:00'),
((SELECT id FROM sys_user WHERE email = 'hr@jiasuifood.com'), 'DEMO20260408049', '区域销售代表', '区域销售', '武汉', 9000, 15000, '2年', '大专', 3, '负责商超和餐饮渠道食品铺货、陈列维护和销量提升，围绕客户开发、订单跟进、陈列执行和回款维护推动区域市场增长，协同经销商、仓配、市场和终端门店处理促销与补货事项。要求具备渠道销售经验，熟悉快消品销售者优先。', '["五险一金","交通补贴","通讯补贴","带薪年假","节日福利","绩效奖金"]', '["渠道销售","快消品销售"]', 'PUBLISHED', '2026-04-01 09:00:00', '2026-06-30 23:59:00', '2026-04-01 09:00:00', '2026-04-01 09:00:00'),
((SELECT id FROM sys_user WHERE email = 'hr@jiasuifood.com'), 'DEMO20260408050', '品控专员', '品质管理', '武汉', 8000, 12000, '2年', '本科', 2, '负责食品来料检验、生产质量监控和合规留样管理，推进抽检记录、异常处理、标准执行和报告整理，协同采购、生产、仓储和供应商保障质量稳定。要求具备食品品控经验，熟悉质量体系者优先。', '["五险一金","工作餐","带薪年假","节日福利","年度体检","绩效奖金"]', '["食品品控","质量体系"]', 'PUBLISHED', '2026-04-02 10:00:00', '2026-06-30 23:59:00', '2026-04-02 10:00:00', '2026-04-02 10:00:00'),
((SELECT id FROM sys_user WHERE email = 'hr@jiasuifood.com'), 'DEMO20260408051', '供应链采购专员', '采购管理', '武汉', 9500, 14500, '2年', '本科', 2, '负责食品原辅料采购、交期管理和供应稳定性建设，围绕采购计划、供应商协同、订单跟进和成本分析提升供应链效率，协同生产、仓储、品控和财务团队推进异常闭环。要求具备采购执行经验，熟悉食品供应链者优先。', '["五险一金","工作餐","带薪年假","节日福利","绩效奖金","专业培训"]', '["采购执行","食品供应链"]', 'PUBLISHED', '2026-04-03 11:00:00', '2026-06-30 23:59:00', '2026-04-03 11:00:00', '2026-04-03 11:00:00'),
((SELECT id FROM sys_user WHERE email = 'talent@henglangsports.com'), 'DEMO20260408052', '场馆运营主管', '场馆运营', '苏州', 11000, 17000, '3年', '大专', 1, '负责体育场馆日常运营、课程排期和会员服务管理，围绕场馆排班、现场管理、经营复盘和服务优化推动场馆稳定运营，协同教练、前台、市场和会员团队处理现场问题。要求具备场馆运营经验，熟悉体育服务管理者优先。', '["五险一金","免费健身","带薪年假","节日福利","绩效奖金","员工活动"]', '["场馆运营","体育服务管理"]', 'PUBLISHED', '2026-04-04 12:00:00', '2026-06-30 23:59:00', '2026-04-04 12:00:00', '2026-04-04 12:00:00'),
((SELECT id FROM sys_user WHERE email = 'talent@henglangsports.com'), 'DEMO20260408053', '课程顾问', '课程顾问', '苏州', 9000, 14000, '1年', '大专', 3, '负责青少体培课程咨询、试听转化和家长关系维护，推进咨询接待、试听安排、需求分析和签约跟进，协同教练、班主任、市场和家长完成报名转化闭环。要求具备咨询转化经验，熟悉教培销售者优先。', '["五险一金","免费健身","带薪年假","节日福利","绩效奖金","专业培训"]', '["咨询转化","教培销售"]', 'PUBLISHED', '2026-04-05 09:00:00', '2026-06-30 23:59:00', '2026-04-05 09:00:00', '2026-04-05 09:00:00'),
((SELECT id FROM sys_user WHERE email = 'talent@henglangsports.com'), 'DEMO20260408054', '社群活动执行', '社群运营', '苏州', 8500, 13000, '2年', '本科', 2, '负责会员社群活跃、赛事活动组织和品牌互动传播，推进社群维护、活动执行、内容整理和数据复盘，协同教练、市场、运营和会员提升参与度与复购。要求具备社群运营经验，熟悉赛事执行或活动组织者优先。', '["五险一金","免费健身","带薪年假","节日福利","绩效奖金","员工活动"]', '["社群运营","赛事执行"]', 'PUBLISHED', '2026-04-06 10:00:00', '2026-06-30 23:59:00', '2026-04-06 10:00:00', '2026-04-06 10:00:00'),
((SELECT id FROM sys_user WHERE email = 'join@ruiyaedu.com'), 'DEMO20260408055', '教务主管', '教务管理', '成都', 12000, 18000, '3年', '本科', 1, '负责校区排课、教学服务质量和家校沟通流程管理，围绕排课统筹、教师协调、服务跟进和问题闭环提升校区运营稳定性，协同授课老师、班主任、咨询顾问和家长处理教学服务问题。要求具备教务管理经验，熟悉校区运营者优先。', '["五险一金","节日福利","带薪年假","绩效奖金","午餐补贴","专业培训"]', '["教务管理","校区运营"]', 'PUBLISHED', '2026-04-01 11:00:00', '2026-06-30 23:59:00', '2026-04-01 11:00:00', '2026-04-01 11:00:00'),
((SELECT id FROM sys_user WHERE email = 'join@ruiyaedu.com'), 'DEMO20260408056', '招生咨询师', '招生咨询', '成都', 9000, 15000, '1年', '大专', 3, '负责课程咨询接待、试听转化和潜客跟进管理，推进咨询转化、试听安排、需求分析和续费跟进，协同教务、班主任、市场和家长完成课程匹配与报名流程。要求具备课程咨询经验，熟悉销售转化者优先。', '["五险一金","节日福利","带薪年假","绩效奖金","午餐补贴","专业培训"]', '["课程咨询","销售转化"]', 'PUBLISHED', '2026-04-02 12:00:00', '2026-06-30 23:59:00', '2026-04-02 12:00:00', '2026-04-02 12:00:00'),
((SELECT id FROM sys_user WHERE email = 'join@ruiyaedu.com'), 'DEMO20260408057', '班主任', '学习管理', '成都', 8500, 13000, '2年', '本科', 2, '负责学员学习跟进、出勤管理和家校服务体验提升，推进班级管理、学习反馈、续费沟通和服务跟踪，协同老师、教务、咨询和家长保障学习过程稳定。要求具备班级管理经验，熟悉家校沟通或学习服务者优先。', '["五险一金","节日福利","带薪年假","绩效奖金","午餐补贴","专业培训"]', '["班级管理","家校沟通"]', 'PUBLISHED', '2026-04-03 09:00:00', '2026-06-30 23:59:00', '2026-04-03 09:00:00', '2026-04-03 09:00:00'),
((SELECT id FROM sys_user WHERE email = 'hr@lanshiproperty.com'), 'DEMO20260408058', '物业项目经理', '物业管理', '青岛', 14000, 22000, '4年', '大专', 1, '负责商业物业项目服务品质、费用达成和现场安全管理，推进项目统筹、客户沟通、团队管理和品质提升，协同工程、客服、招商主管和商户处理现场问题与经营事项。要求具备物业管理经验，熟悉商业项目运营者优先。', '["五险一金","节日福利","带薪年假","年度体检","绩效奖金","工作餐"]', '["物业管理","商业项目运营"]', 'PUBLISHED', '2026-04-04 10:00:00', '2026-06-30 23:59:00', '2026-04-04 10:00:00', '2026-04-04 10:00:00'),
((SELECT id FROM sys_user WHERE email = 'hr@lanshiproperty.com'), 'DEMO20260408059', '客服主管', '客户服务', '青岛', 9000, 14000, '2年', '大专', 2, '负责商业楼宇客户服务响应、投诉处理和满意度提升，推进前台服务、客诉闭环、流程优化和班组带教，协同工程、保洁、安保和租户处理服务问题。要求具备客户服务管理经验，熟悉投诉处理者优先。', '["五险一金","节日福利","带薪年假","年度体检","绩效奖金","工作餐"]', '["客户服务管理","投诉处理"]', 'PUBLISHED', '2026-04-05 11:00:00', '2026-06-30 23:59:00', '2026-04-05 11:00:00', '2026-04-05 11:00:00'),
((SELECT id FROM sys_user WHERE email = 'hr@lanshiproperty.com'), 'DEMO20260408060', '工程维修主管', '工程维修', '青岛', 11000, 17000, '3年', '大专', 2, '负责商业项目设备巡检、维修保养和能耗管理，推进维保计划执行、故障处理、外包协调和台账管理，协同客服、安保、供应商和商户完成现场维修与整改闭环。要求具备设备维护经验，熟悉机电管理或项目维保者优先。', '["五险一金","节日福利","带薪年假","年度体检","绩效奖金","工作餐"]', '["设备维护","机电管理"]', 'PUBLISHED', '2026-04-06 12:00:00', '2026-06-30 23:59:00', '2026-04-06 12:00:00', '2026-04-06 12:00:00');

COMMIT;
